SN,Name,screen_name,Twitter link,Telegram chat,https://finance.yahoo.com/quote/ADA-USD/community/,website,Category,Sub-category,,,,
,Helixworks,Helixworks,,,,,Enterprise & Business,startups,,,,
,API3,API3DAO,,,,,Enterprise & Business,startups,,,,
,Sempo,teamsempo,,,,,Enterprise & Business,startups,,,,
,Quidli,quidliprotocol,,,,,Enterprise & Business,startups,,,,
,gimbalabs,gimbalabs,,,,,Enterprise & Business,startups,,,,
,CrÎždmark,credmarkhq,,,,,Enterprise & Business,startups,,,,
,SingularityNET,singularity_net,,,,,Enterprise & Business,partners,,,,
,Obsidian,ObsidianCrypto,,,"https://twitter.com/ObsidianCrypto, https://bitcointalk.org/index.php?topic=2004871.0, https://coinmarketcap.com/currencies/obsidian/",https://www.obsidianplatform.com/,Enterprise & Business,partners,,,,
,Mutual Knowledge Systems,MutualKnowledge,,,,"https://mukn.io/, https://www.linkedin.com/company/mukn-io",Enterprise & Business,partners,,,,
,Vacuumlabs,vacuumlabs,https://twitter.com/vacuumlabs,,,,Enterprise & Business,partners,,,,
,Quviq,quviq,https://twitter.com/quviq?lang=en,,,http://www.quviq.com/,Enterprise & Business,partners,,,,
,PwC,PwC,https://twitter.com/PwC,,,https://www.pwc.com/,Enterprise & Business,partners,,,,
,Konfidio,konfidio,https://twitter.com/konfidio?lang=en,,,https://konfidio.com/,Enterprise & Business,partners,,,,
,binaries,,,,,https://www.binary.com/en/get-started/cryptocurrencies.html,Enterprise & Business,partners,,,,
,Runtime Verification,rv_inc,https://twitter.com/rv_inc?ref_src=twsrc%5Egoogle%7Ctwcamp%5Eserp%7Ctwgr%5Eauthor,,,https://runtimeverification.com/,Enterprise & Business,partners,,,,
,New Balance,newbalance,https://twitter.com/newbalance,,,https://www.newbalance.com/,Enterprise & Business,deployments,,,,
,BeefChain,,,,,https://beefchain.com/,Enterprise & Business,deployments,,,,
,Cardano Foundation,CardanoStiftung,https://twitter.com/CardanoStiftung,,,https://cardanofoundation.org/,Enterprise & Business,deployments,,,,
,VeriDocGlobal,VeriDocGlobal,https://twitter.com/VeriDocGlobal,,,https://veridocglobal.com/,Enterprise & Business,deployments,,,,
,scantrust,ScanTrust,https://twitter.com/ScanTrust,,,scantrust.com/,Enterprise & Business,deployments,,,,
,#BlueKorintjiCoffee,,https://twitter.com/hashtag/BlueKorintjiCoffee?src=hashtag_click,,,https://www.bluekorintji.com/,Enterprise & Business,deployments,,,,
,Asia Blockchain Review,abr_blockchain,https://twitter.com/abr_blockchain,,,https://www.asiablockchainreview.com/,Enterprise & Business,deployments,,,,
,Celsius,CelsiusNetwork,https://twitter.com/CelsiusNetwork,,"https://forum.thaivisa.com/topic/1216772-unbank-yourself/, https://celsiusnetwork.medium.com/",https://celsius.network/,Enterprise & Business,Defi  & markets,,,,
,Bondly,BondlyFinance,https://twitter.com/BondlyFinance,,https://t.me/bondlyfinance,https://www.bondly.finance/,Enterprise & Business,Defi  & markets,,,,
,Algoz,Algoz_io,https://twitter.com/algoz_io?lang=en,,https://il.linkedin.com/company/algoztrading,https://www.algoz.io/,Enterprise & Business,Defi  & markets,,,,
,CryptoAnalyst,hmazawi,https://twitter.com/hmazawi?lang=en,,,https://whitepaper.playsnook.com/,Enterprise & Business,Defi  & markets,,,,
,GenTwo,GenTwoAG,https://twitter.com/gentwoag?lang=en,,"https://forum.cardano.org/t/foundation-works-to-bring-an-ada-denominated-structured-finance-product-to-the-market-with-gentwo/30216, https://www.reddit.com/r/cardano/comments/etv3qz/cardano_foundation_to_launch_adadenominated/",https://www.gentwo.com/,Enterprise & Business,Defi  & markets,governments,,,
,CWcount,wavecounter,https://twitter.com/wavecounter?lang=en,,,https://cwcount.com/,null,,solutions,alliance,Defi  & markets,
,wavegp,,,,,https://wavegp.com/,null,,partners,deployments,startups,
,Wave HQ,WaveHQ,https://twitter.com/WaveHQ?ref_src=twsrc%5Egoogle%7Ctwcamp%5Eserp%7Ctwgr%5Eauthor,,,https://www.waveapps.com/,Enterprise & Business,Defi  & markets,Enterprise & Business,Research,Dev Tools,Infrastructure
,CardanoSpace,CardanoSpaceNFT,https://twitter.com/cardanospacenft?lang=en,,https://discord.com/invite/CwQsJXdNyQ,www.cardanospace.com,null,,Experts Crypto,,,
,Verified Crypto Traders,,,,https://t.me/verifiedcryptonews,,Telegram,,,,,
,Universal Crypto Signals,,,,https://t.me/universalcryptosignals,,Telegram,,,,,
,Fat Pig Signals,,,,https://t.me/fatpigsignals,,Telegram,,,,,
,Rocket Wallet,,,,https://t.me/RocketWallet_Official,,Telegram,,,,,
,EMURGO Traceability,emurgo_io,https://twitter.com/emurgo_io?lang=fr,,"https://t.me/emurgo, https://t.me/EmurgoHK, https://t.me/emurgo_indonesia, ",https://emurgo.io/solutions,Enterprise & Business,"solutions, core organizations, Emurgo",,,,
,iohk,InputOutputHK,https://twitter.com/InputOutputHK?ref_src=twsrc%5Egoogle%7Ctwcamp%5Eserp%7Ctwgr%5Eauthor,,https://github.com/input-output-hk,https://iohk.io/enterprise/,Enterprise & Business,"solutions, core organizations, iohk",,,,
,Hyperledger,Hyperledger,https://twitter.com/Hyperledger?ref_src=twsrc%5Egoogle%7Ctwcamp%5Eserp%7Ctwgr%5Eauthor,,"https://github.com/hyperledger, https://t.me/HyperLedger, https://t.me/HyperledgerFabricBlockchain, https://t.me/hyperledgeriroha, https://t.me/Hyperlegendary, https://t.me/hyperledger_russia, https://t.me/hyperledgerES, https://t.me/HyperLedgers, https://t.me/hyperledgerbc, https://t.me/hyperledgerkl",hyperledger.org,Enterprise & Business,alliance,,,,
,Caitlin Long,CaitlinLong_,https://twitter.com/CaitlinLong_?ref_src=twsrc%5Egoogle%7Ctwcamp%5Eserp%7Ctwgr%5Eauthor,,,https://caitlin-long.com/category/blockchain/,Enterprise & Business,governments,,,,
,Wyoming Blockchain Coalition,WyoBlockchain,https://twitter.com/wyoblockchain?lang=en,,https://t.me/wyomingblockchain,WyomingBlockchain.io,Enterprise & Business,,,,,
,ethiopia,cryptopia101,https://twitter.com/cryptopia101?lang=cs,,,,,,,,,
,CoinDesk,CoinDesk,https://twitter.com/CoinDesk,,"https://events.bizzabo.com/crypto_state_world_tour, https://t.me/coindesk_channel, https://t.me/coindeskprofits, https://t.me/coindeskru, https://t.me/coindeskinvestment1, https://t.me/CoinDeskGlobal, https://t.me/coindesk_korea, https://t.me/CoinDeskExchangeGroup, https://t.me/coindeske ",https://www.coindesk.com/,Enterprise & Business,"partners, Digital Currency Group ",,,,
,CoinDesk Markets,CoinDeskMarkets,https://twitter.com/CoinDeskMarkets,,"https://t.me/coindesk_channel, https://t.me/coindeskprofits, https://t.me/coindeskru, https://t.me/coindeskinvestment1, https://t.me/CoinDeskGlobal, https://t.me/coindesk_korea, https://t.me/CoinDeskExchangeGroup, https://t.me/coindeske",https://www.coindesk.com/,Enterprise & Business,"partners, Digital Currency Group ",,,,
,CoinDesk Research,CoinDeskData,https://twitter.com/CoinDeskData,,"https://t.me/coindesk_channel, https://t.me/coindeskprofits, https://t.me/coindeskru, https://t.me/coindeskinvestment1, https://t.me/CoinDeskGlobal, https://t.me/coindesk_korea, https://t.me/CoinDeskExchangeGroup, https://t.me/coindeske",https://www.coindesk.com/,Enterprise & Business,"partners, Digital Currency Group ",,,,
,Iwa Salami,Iwaleso,https://twitter.com/Iwaleso,,,,,Experts Crypto,,,,
,Fred Schebesta,Schebesta,https://twitter.com/Schebesta,,https://www.finder.com/,https://www.fredschebesta.com/,,Experts Crypto,,,,
,Anthony Cuthbertson,ADCuthbertson,https://twitter.com/ADCuthbertson,,,https://anthonycuthbertson.com/,,Experts Crypto,,,,
,Wolfram,WolframResearch,https://twitter.com/wolframresearch?lang=en,,,https://www.wolframalpha.com/input/?i=Cryptocurrency,,Oracles,,,,
,Wolfram|Alpha,Wolfram_Alpha,https://twitter.com/Wolfram_Alpha,,,https://www.wolframalpha.com/input/?i=Cryptocurrency,,Oracles,,,,
,Stephen Wolfram,stephen_wolfram,https://twitter.com/stephen_wolfram,,,https://www.stephenwolfram.com/,,"Oracles, Experts Crypto",,,,
,Ergo,ergoplatformorg,https://twitter.com/ergoplatformorg?ref_src=twsrc%5Egoogle%7Ctwcamp%5Eserp%7Ctwgr%5Eauthor,,"https://t.me/ergoplatform, https://t.me/ergobrazil, https://t.me/ergoplatform, https://t.me, /ergoplatform , https://t.me/ergoplatform , https://t.me/ergoplatform ",https://ergoplatform.org/en/,,Oracles,,,,
,Coinbase,coinbase,https://twitter.com/coinbase?ref_src=twsrc%5Egoogle%7Ctwcamp%5Eserp%7Ctwgr%5Eauthor,"https://t.me/CoinbaseUpdate , https://t.me/coinbaseoctafx, https://t.me/ourpayments, https://t.me/coinbaseus, https://t.me/CoinbaseWalletpay, https://t.me/Coinbase7, https://t.me/coinbase5ps://t.me/coinbasegblobalchat0, , htt","https://whttps://www.investing.com/equities/coinbase-global-commentary, reddit.cofacebook.com/Coinbase,https://www.reddit.com/user/Coinbase,  https://www.reddit.com/user/coinbasesupport, m/r/CoinBase/,https://www.reddit.com/user/CoinbaseSecurity,  https://finance.yaho, o.com/quote/COIN/community/,https://www.reddit.com/user/CoinbasePro https://finance.yahoo.com/quote/COIN/community/, https://finance.yahoo.com/quote/COIN/community/",https://www.coinbase.com/,Exchanges,Coinbase,,,,
,Coinbase News,CoinbaseNews,https://twitter.com/CoinbaseNews,"https://t.me/CoinbaseUpdate , https://t.me/coinbaseoctafx, https://t.me/ourpayments, https://t.me/coinbaseus, https://t.me/CoinbaseWalletpay, https://t.me/Coinbase7, https://t.me/coinbase5ps://t.me/coinbasegblobalchat0, , htt","https://whttps://www.investing.com/equities/coinbase-global-commentary, reddit.cofacebook.com/Coinbase,https://www.reddit.com/user/Coinbase,  https://www.reddit.com/user/coinbasesupport, m/r/CoinBase/,https://www.reddit.com/user/CoinbaseSecurity,  https://finance.yaho, o.com/quote/COIN/community/,https://www.reddit.com/user/CoinbasePro https://finance.yahoo.com/quote/COIN/community/, https://finance.yahoo.com/quote/COIN/community/",https://www.coinbase.com/,Exchanges,Coinbase,,,,
,Coinbase Support,CoinbaseSupport,https://twitter.com/CoinbaseSupport,"https://t.me/CoinbaseUpdate , https://t.me/coinbaseoctafx, https://t.me/ourpayments, https://t.me/coinbaseus, https://t.me/CoinbaseWalletpay, https://t.me/Coinbase7, https://t.me/coinbase5ps://t.me/coinbasegblobalchat0, , htt","https://whttps://www.investing.com/equities/coinbase-global-commentary, reddit.cofacebook.com/Coinbase,https://www.reddit.com/user/Coinbase,  https://www.reddit.com/user/coinbasesupport, m/r/CoinBase/,https://www.reddit.com/user/CoinbaseSecurity,  https://finance.yaho, o.com/quote/COIN/community/,https://www.reddit.com/user/CoinbasePro https://finance.yahoo.com/quote/COIN/community/, https://finance.yahoo.com/quote/COIN/community/",help.coinbase.com,Exchanges,Coinbase,,,,
,Coinbase Pro,CoinbasePro,https://twitter.com/CoinbasePro,"https://t.me/CoinbaseUpdate , https://t.me/coinbaseoctafx, https://t.me/ourpayments, https://t.me/coinbaseus, https://t.me/CoinbaseWalletpay, https://t.me/Coinbase7, https://t.me/coinbase5ps://t.me/coinbasegblobalchat0, , htt","https://whttps://www.investing.com/equities/coinbase-global-commentary, reddit.cofacebook.com/Coinbase,https://www.reddit.com/user/Coinbase,  https://www.reddit.com/user/coinbasesupport, m/r/CoinBase/,https://www.reddit.com/user/CoinbaseSecurity,  https://finance.yaho, o.com/quote/COIN/community/,https://www.reddit.com/user/CoinbasePro https://finance.yahoo.com/quote/COIN/community/, https://finance.yahoo.com/quote/COIN/community/",pro.coinbase.com,Exchanges,Coinbase,,,,
,Coinbase Wallet,CoinbaseWallet,https://twitter.com/CoinbaseWallet,"https://t.me/CoinbaseUpdate , https://t.me/coinbaseoctafx, https://t.me/ourpayments, https://t.me/coinbaseus, https://t.me/CoinbaseWalletpay, https://t.me/Coinbase7, https://t.me/coinbase5ps://t.me/coinbasegblobalchat0, , htt","https://whttps://www.investing.com/equities/coinbase-global-commentary, reddit.cofacebook.com/Coinbase,https://www.reddit.com/user/Coinbase,  https://www.reddit.com/user/coinbasesupport, m/r/CoinBase/,https://www.reddit.com/user/CoinbaseSecurity,  https://finance.yaho, o.com/quote/COIN/community/,https://www.reddit.com/user/CoinbasePro https://finance.yahoo.com/quote/COIN/community/, https://finance.yahoo.com/quote/COIN/community/",wallet.coinbase.com,Exchanges,Coinbase,,,,
,Coinbase Card,CoinbaseCard,https://twitter.com/CoinbaseCard,"https://t.me/CoinbaseUpdate , https://t.me/coinbaseoctafx, https://t.me/ourpayments, https://t.me/coinbaseus, https://t.me/CoinbaseWalletpay, https://t.me/Coinbase7, https://t.me/coinbase5ps://t.me/coinbasegblobalchat0, , htt","https://whttps://www.investing.com/equities/coinbase-global-commentary, reddit.cofacebook.com/Coinbase,https://www.reddit.com/user/Coinbase,  https://www.reddit.com/user/coinbasesupport, m/r/CoinBase/,https://www.reddit.com/user/CoinbaseSecurity,  https://finance.yaho, o.com/quote/COIN/community/,https://www.reddit.com/user/CoinbasePro https://finance.yahoo.com/quote/COIN/community/, https://finance.yahoo.com/quote/COIN/community/",coinbase.com/card,Exchanges,Coinbase,,,,
,Coinbase Institutional,CoinbaseInsto,https://twitter.com/coinbaseinsto,"https://t.me/CoinbaseUpdate , https://t.me/coinbaseoctafx, https://t.me/ourpayments, https://t.me/coinbaseus, https://t.me/CoinbaseWalletpay, https://t.me/Coinbase7, https://t.me/coinbase5ps://t.me/coinbasegblobalchat0, , htt","https://whttps://www.investing.com/equities/coinbase-global-commentary, reddit.cofacebook.com/Coinbase,https://www.reddit.com/user/Coinbase,  https://www.reddit.com/user/coinbasesupport, m/r/CoinBase/,https://www.reddit.com/user/CoinbaseSecurity,  https://finance.yaho, o.com/quote/COIN/community/,https://www.reddit.com/user/CoinbasePro https://finance.yahoo.com/quote/COIN/community/, https://finance.yahoo.com/quote/COIN/community/",prime.coinbase.com,Exchanges,Coinbase,,,,
,Coinbase Commerce,CommerceCB,https://twitter.com/commerceCB,"https://t.me/CoinbaseUpdate , https://t.me/coinbaseoctafx, https://t.me/ourpayments, https://t.me/coinbaseus, https://t.me/CoinbaseWalletpay, https://t.me/Coinbase7, https://t.me/coinbase5ps://t.me/coinbasegblobalchat0, , htt","https://whttps://www.investing.com/equities/coinbase-global-commentary, reddit.cofacebook.com/Coinbase,https://www.reddit.com/user/Coinbase,  https://www.reddit.com/user/coinbasesupport, m/r/CoinBase/,https://www.reddit.com/user/CoinbaseSecurity,  https://finance.yaho, o.com/quote/COIN/community/,https://www.reddit.com/user/CoinbasePro https://finance.yahoo.com/quote/COIN/community/, https://finance.yahoo.com/quote/COIN/community/",commerce.coinbase.com,Exchanges,Coinbase,,,,
,Binance,binance,https://twitter.com/binance,"https://t.me/BinanceExchange, https://t.me/BinanceC, hinese, https://t.me/binance_announcements,https://t.me/BinanceArabic,https://t.me/BinanceCzechoSlovakia,https://t.me/BinanceDutch,https://t.me/BinanceFilipino,https://t.me/BinanceFrench,https://t.me/BinanceGerman,https://t.me/BinanceHebrew,https://t.me/BinanceIndian,https://t.me/BinanceItalian,https://t.me/BinanceJapanese,https://t.me/BinanceKorean,https://t.me/BinanceMongolian,https://t.me/BinanceNigeria,https://t.me/Binance_Polish,https://t.me/BinancePortuguese,https://t.me/BinanceRomanian,https://t.me/BinanceRussian,https://t.me/BinanceSouthAfrica,:https://t.me/BinanceSpanish,https://t.me/BinanceTurkish,https://t.me/BinanceUkrainian,https://t.me/BinanceVietnamese,https://t.me/BinanceThai,https://t.me/BinanceGreek,https://t.me/BinanceCroatian,https://t.me/Binance_Singapore,https://t.me/BinanceMalay,https://t.me/binance_baltics,https://t.me/BinanceUganda,https://t.me/Binance_Indonesian,https://t.me/binancesrilanka,https://t.me/BinanceBangladeshi,https://t.me/BinanceCameroun, https://t.me/BinanceTCN, https://t.me/BinanceAcademyChat, https://t.me/BinanceAcademy, https://t.me/BinanceResearch, https://t.me/Binance_Info_English","https://www.reddit.com/r/binance/, https://www.linkedin.com/company/binance",https://www.binance.com/,Exchanges,Binance,,,,
,Kraken Exchange,krakenfx,https://twitter.com/krakenfx,"https://t.me/newlunchinvestclick, https://t.me/krakencryptoinvestment, https://t.me/kraken_community, https://t.me/Krakenvent https://t.me/kraken_futures, https://t.me/kraken",,kraken.com,Exchanges,Kraken,,,,
,huobi,HuobiGlobal,https://twitter.com/HuobiGlobal,"https://t.me/huobiglobalofficialvietnam, https://t.me/huobiglobalofficial, https://t.me/HuobiGlobalAnnouncementChannel, https://t.me/HuobiFutures_en,https://t.me/huobi738, https://t.me/huobiofficial, https://t.me/HB880,",,huobi.com,Exchanges,huobi,,,,
,KUCOIN,kucoincom,https://twitter.com/kucoincom,"https://t.me/KuCoinVietNam, https://t.me/Kucoin_Exchange, https://t.me/kucoinvn, https://t.me/kucoin_chat_pumpsignal, https://t.me/pumps_kucoin_crypto, https://t.me/KucoinInsiders, https://t.me/Kucoin_News, https://t.me/Kucoini, https://t.me/kucoin0",,kucoin.com,Exchanges,KUCOIN,,,,
,Kucoin Coin Pump,kucoincoinpump,https://twitter.com/kucoincoinpump,"https://t.me/KuCoinVietNam, https://t.me/Kucoin_Exchange, https://t.me/kucoinvn, https://t.me/kucoin_chat_pumpsignal, https://t.me/pumps_kucoin_crypto, https://t.me/KucoinInsiders, https://t.me/Kucoin_News, https://t.me/Kucoini, https://t.me/kucoin0",,kucoin.com,Exchanges,KUCOIN,,,,
,KuCoin Updates,KuCoinUpdates,https://twitter.com/KuCoinUpdates,"https://t.me/KuCoinVietNam, https://t.me/Kucoin_Exchange, https://t.me/kucoinvn, https://t.me/kucoin_chat_pumpsignal, https://t.me/pumps_kucoin_crypto, https://t.me/KucoinInsiders, https://t.me/Kucoin_News, https://t.me/Kucoini, https://t.me/kucoin0",,kucoin.com,Exchanges,KUCOIN,,,,
,Bittrex,BittrexExchange,https://twitter.com/BittrexExchange,"https://t.me/BittrexGlobalEnglish, https://t.me/bittrexsignals, https://t.me/bittrex, https://t.me/BittrexEnglishTools, https://t.me/bittrexglobal, https://t.me/bittrexxnews, ","https://www.facebook.com/bittrex/, https://global.bittrex.com/discover",Bittrex.com,Exchanges,Bittrex,,,,
,Tom Albright,tomalbright,https://twitter.com/tomalbright,,,global.bittrex.com,,"Experts Crypto, Bittrex",,,,
,Stephen Stonberg,StephenStonberg,https://twitter.com/StephenStonberg,,,global.bittrex.com,,"Experts Crypto, Bittrex",,,,
,Bithumb,BithumbOfficial,https://twitter.com/BithumbOfficial,,,bithumb.com,Exchanges,Bithumb,,,,
,Bithumb Global,BithumbGlobal,https://twitter.com/BithumbGlobal,"https://t.me/bithumbglobal_EN, https://t.me/bithumbglobal_CN, https://t.me/bithumbglobal_EN, http://t.me/bithumbglobal_RUS, https://t.me/bithumbglobal_SPA,","https://www.facebook.com/pg/Bithumb-1851448098503223/community/, https://blog.naver.com/bithumbglobal_",bithumb.pro,Exchanges,Bithumb,,,,
,Cardano Foundation,CardanoStiftung,https://twitter.com/CardanoStiftung,"https://t.me/cardano, https://t.me/cardano, https://t.me/CardanoAnnouncements, https://t.me/cardanoofficialcommunity, https://t.me/CardanoTradingOfficial, https://t.me/pump_cardano, https://t.me/cardanoprojectcom, https://t.me/Cardano3, ","https://forum.cardano.org/latest, https://www.reddit.com/r/cardano/, https://finance.yahoo.com/quote/ADA-USD/community/",cardanofoundation.org,Core Organization,Cardano,,,,
,Cardano Community,Cardano,https://twitter.com/Cardano,"https://t.me/cardano, https://t.me/cardano, https://t.me/CardanoAnnouncements, https://t.me/cardanoofficialcommunity, https://t.me/CardanoTradingOfficial, https://t.me/pump_cardano, https://t.me/cardanoprojectcom, https://t.me/Cardano3, ","https://forum.cardano.org/, https://www.reddit.com/r/cardano/, https://finance.yahoo.com/quote/ADA-USD/community/",cardano.org,Core Organization,Cardano,,,,
,cFund,,,,,https://cfund.vc/,Funding,,,,,
,Digital Currency Group,DCGco,https://twitter.com/DCGco,"https://t.me/global4502, https://t.me/Digital_Currency_world, https://t.me/Digital_currency_group, https://t.me/uytgokex, https://t.me/Barrysilber87, ",,https://dcg.co/,Funding,Digital Currency Group,,,,
,Grayscale,Grayscale,https://twitter.com/Grayscale,"https://t.me/grayscale_official, https://t.me/start_p, https://t.me/grayscaleinvestment1, ",,grayscale.com,Funding,"Digital Currency Group, grayscale",,,,
,Genesis,GenesisTrading,https://twitter.com/GenesisTrading,"https://t.me/Genesiscryptoinvest, https://t.me/genesistradingcenter, https://t.me/GENESISTRADING, https://t.me/genesistradinggt, https://t.me/genesistradingcapital, https://t.me/GenesisTradingFund, ",,GenesisTrading.com,Funding,"Digital Currency Group, Genesis ",,,,
