SN,Name,screen_name,Twitter link,community,website,Category,Sub-category,,,,
,Helixworks,Helixworks,,,,Enterprise & Business,startups,,,,
,API3,API3DAO,,,,Enterprise & Business,startups,,,,
,Sempo,teamsempo,,,,Enterprise & Business,startups,,,,
,Quidli,quidliprotocol,,,,Enterprise & Business,startups,,,,
,gimbalabs,gimbalabs,,,,Enterprise & Business,startups,,,,
,CrÎždmark,credmarkhq,,,,Enterprise & Business,startups,,,,
,SingularityNET,singularity_net,,,,Enterprise & Business,partners,,,,
,Obsidian,ObsidianCrypto,,"https://twitter.com/ObsidianCrypto, https://bitcointalk.org/index.php?topic=2004871.0, https://coinmarketcap.com/currencies/obsidian/",https://www.obsidianplatform.com/,Enterprise & Business,partners,,,,
,Mutual Knowledge Systems,MutualKnowledge,,,"https://mukn.io/, https://www.linkedin.com/company/mukn-io",Enterprise & Business,partners,,,,
,Vacuumlabs,vacuumlabs,https://twitter.com/vacuumlabs,,,Enterprise & Business,partners,,,,
,Quviq,quviq,https://twitter.com/quviq?lang=en,,http://www.quviq.com/,Enterprise & Business,partners,,,,
,PwC,PwC,https://twitter.com/PwC,,https://www.pwc.com/,Enterprise & Business,partners,,,,
,Konfidio,konfidio,https://twitter.com/konfidio?lang=en,,https://konfidio.com/,Enterprise & Business,partners,,,,
,binaries,,,,https://www.binary.com/en/get-started/cryptocurrencies.html,Enterprise & Business,partners,,,,
,Runtime Verification,rv_inc,https://twitter.com/rv_inc?ref_src=twsrc%5Egoogle%7Ctwcamp%5Eserp%7Ctwgr%5Eauthor,,https://runtimeverification.com/,Enterprise & Business,partners,,,,
,New Balance,newbalance,https://twitter.com/newbalance,,https://www.newbalance.com/,Enterprise & Business,deployments,,,,
,BeefChain,,,,https://beefchain.com/,Enterprise & Business,deployments,,,,
,Cardano Foundation,CardanoStiftung,https://twitter.com/CardanoStiftung,,https://cardanofoundation.org/,Enterprise & Business,deployments,,,,
,VeriDocGlobal,VeriDocGlobal,https://twitter.com/VeriDocGlobal,,https://veridocglobal.com/,Enterprise & Business,deployments,,,,
,scantrust,ScanTrust,https://twitter.com/ScanTrust,,scantrust.com/,Enterprise & Business,deployments,,,,
,#BlueKorintjiCoffee,,https://twitter.com/hashtag/BlueKorintjiCoffee?src=hashtag_click,,https://www.bluekorintji.com/,Enterprise & Business,deployments,,,,
,Asia Blockchain Review,abr_blockchain,https://twitter.com/abr_blockchain,,https://www.asiablockchainreview.com/,Enterprise & Business,deployments,,,,
,Celsius,CelsiusNetwork,https://twitter.com/CelsiusNetwork,"https://forum.thaivisa.com/topic/1216772-unbank-yourself/, https://celsiusnetwork.medium.com/",https://celsius.network/,Enterprise & Business,Defi  & markets,,,,
,Bondly,BondlyFinance,https://twitter.com/BondlyFinance,https://t.me/bondlyfinance,https://www.bondly.finance/,Enterprise & Business,Defi  & markets,,,,
,Algoz,Algoz_io,https://twitter.com/algoz_io?lang=en,https://il.linkedin.com/company/algoztrading,https://www.algoz.io/,Enterprise & Business,Defi  & markets,,,,
,CryptoAnalyst,hmazawi,https://twitter.com/hmazawi?lang=en,,https://whitepaper.playsnook.com/,Enterprise & Business,Defi  & markets,,,,
,GenTwo,GenTwoAG,https://twitter.com/gentwoag?lang=en,"https://forum.cardano.org/t/foundation-works-to-bring-an-ada-denominated-structured-finance-product-to-the-market-with-gentwo/30216, https://www.reddit.com/r/cardano/comments/etv3qz/cardano_foundation_to_launch_adadenominated/",https://www.gentwo.com/,Enterprise & Business,Defi  & markets,governments,,,
,CWcount,wavecounter,https://twitter.com/wavecounter?lang=en,,https://cwcount.com/,null,,solutions,alliance,Defi  & markets,
,wavegp,,,,https://wavegp.com/,null,,partners,deployments,startups,
,Wave HQ,WaveHQ,https://twitter.com/WaveHQ?ref_src=twsrc%5Egoogle%7Ctwcamp%5Eserp%7Ctwgr%5Eauthor,,https://www.waveapps.com/,Enterprise & Business,Defi  & markets,Enterprise & Business,Research,Dev Tools,Infrastructure
,CardanoSpace,CardanoSpaceNFT,https://twitter.com/cardanospacenft?lang=en,https://discord.com/invite/CwQsJXdNyQ,www.cardanospace.com,null,,Experts Crypto,,,
,Verified Crypto Traders,,,https://t.me/verifiedcryptonews,,Telegram,,,,,
,Universal Crypto Signals,,,https://t.me/universalcryptosignals,,Telegram,,,,,
,Fat Pig Signals,,,https://t.me/fatpigsignals,,Telegram,,,,,
,Rocket Wallet,,,https://t.me/RocketWallet_Official,,Telegram,,,,,
,EMURGO Traceability,emurgo_io,https://twitter.com/emurgo_io?lang=fr,"https://t.me/emurgo, https://t.me/EmurgoHK, https://t.me/emurgo_indonesia, ",https://emurgo.io/solutions,Enterprise & Business,solutions,,,,
,iohk,InputOutputHK,https://twitter.com/InputOutputHK?ref_src=twsrc%5Egoogle%7Ctwcamp%5Eserp%7Ctwgr%5Eauthor,https://github.com/input-output-hk,https://iohk.io/enterprise/,Enterprise & Business,solutions,,,,
,Hyperledger,Hyperledger,https://twitter.com/Hyperledger?ref_src=twsrc%5Egoogle%7Ctwcamp%5Eserp%7Ctwgr%5Eauthor,"https://github.com/hyperledger, https://t.me/HyperLedger, https://t.me/HyperledgerFabricBlockchain, https://t.me/hyperledgeriroha, https://t.me/Hyperlegendary, https://t.me/hyperledger_russia, https://t.me/hyperledgerES, https://t.me/HyperLedgers, https://t.me/hyperledgerbc, https://t.me/hyperledgerkl",hyperledger.org,Enterprise & Business,alliance,,,,
,Caitlin Long,CaitlinLong_,https://twitter.com/CaitlinLong_?ref_src=twsrc%5Egoogle%7Ctwcamp%5Eserp%7Ctwgr%5Eauthor,,https://caitlin-long.com/category/blockchain/,Enterprise & Business,governments,,,,
,Wyoming Blockchain Coalition,WyoBlockchain,https://twitter.com/wyoblockchain?lang=en,https://t.me/wyomingblockchain,WyomingBlockchain.io,Enterprise & Business,,,,,
,ethiopia,cryptopia101,https://twitter.com/cryptopia101?lang=cs,,,,,,,,
,CoinDesk,CoinDesk,https://twitter.com/CoinDesk,"https://events.bizzabo.com/crypto_state_world_tour, https://t.me/coindesk_channel, https://t.me/coindeskprofits, https://t.me/coindeskru, https://t.me/coindeskinvestment1, https://t.me/CoinDeskGlobal, https://t.me/coindesk_korea, https://t.me/CoinDeskExchangeGroup, https://t.me/coindeske ",https://www.coindesk.com/,Enterprise & Business,partners,,,,
,CoinDesk Markets,CoinDeskMarkets,https://twitter.com/CoinDeskMarkets,"https://t.me/coindesk_channel, https://t.me/coindeskprofits, https://t.me/coindeskru, https://t.me/coindeskinvestment1, https://t.me/CoinDeskGlobal, https://t.me/coindesk_korea, https://t.me/CoinDeskExchangeGroup, https://t.me/coindeske",https://www.coindesk.com/,Enterprise & Business,partners,,,,
,CoinDesk Research,CoinDeskData,https://twitter.com/CoinDeskData,"https://t.me/coindesk_channel, https://t.me/coindeskprofits, https://t.me/coindeskru, https://t.me/coindeskinvestment1, https://t.me/CoinDeskGlobal, https://t.me/coindesk_korea, https://t.me/CoinDeskExchangeGroup, https://t.me/coindeske",https://www.coindesk.com/,Enterprise & Business,partners,,,,
,Iwa Salami,Iwaleso,https://twitter.com/Iwaleso,,,,Experts Crypto,,,,
,Fred Schebesta,Schebesta,https://twitter.com/Schebesta,https://www.finder.com/,https://www.fredschebesta.com/,,Experts Crypto,,,,
,Anthony Cuthbertson,ADCuthbertson,https://twitter.com/ADCuthbertson,,https://anthonycuthbertson.com/,,Experts Crypto,,,,
,Wolfram,WolframResearch,https://twitter.com/wolframresearch?lang=en,,https://www.wolframalpha.com/input/?i=Cryptocurrency,,Oracles,,,,
,Wolfram|Alpha,Wolfram_Alpha,https://twitter.com/Wolfram_Alpha,,https://www.wolframalpha.com/input/?i=Cryptocurrency,,Oracles,,,,
,Stephen Wolfram,stephen_wolfram,https://twitter.com/stephen_wolfram,,https://www.stephenwolfram.com/,,"Oracles, Experts Crypto",,,,
,Ergo,ergoplatformorg,https://twitter.com/ergoplatformorg?ref_src=twsrc%5Egoogle%7Ctwcamp%5Eserp%7Ctwgr%5Eauthor,"https://t.me/ergoplatform, https://t.me/ergobrazil, https://t.me/ergoplatform, https://t.me, /ergoplatform , https://t.me/ergoplatform , https://t.me/ergoplatform ",https://ergoplatform.org/en/,,Oracles,,,,
,Coinbase,coinbase,https://twitter.com/coinbase?ref_src=twsrc%5Egoogle%7Ctwcamp%5Eserp%7Ctwgr%5Eauthor,"https://whttps://www.investing.com/equities/coinbase-global-commentary, reddit.cofacebook.com/Coinbase,https://www.reddit.com/user/Coinbase,  https://www.reddit.com/user/coinbasesupport, m/r/CoinBase/,https://www.reddit.com/user/CoinbaseSecurity,  https://finance.yaho, o.com/quote/COIN/community/,https://www.reddit.com/user/CoinbasePro https://finance.yahoo.com/quote/COIN/community/, https://finance.yahoo.com/quote/COIN/community/",https://www.coinbase.com/,,Exchanges,,,,
,Coinbase News,CoinbaseNews,https://twitter.com/CoinbaseNews,,https://www.coinbase.com/,,,,,,
,Coinbase Support,CoinbaseSupport,https://twitter.com/CoinbaseSupport,,help.coinbase.com,,,,,,
,Coinbase Pro,CoinbasePro,https://twitter.com/CoinbasePro,,pro.coinbase.com,,,,,,
,Coinbase Wallet,CoinbaseWallet,https://twitter.com/CoinbaseWallet,,wallet.coinbase.com,,,,,,
,Coinbase Card,CoinbaseCard,https://twitter.com/CoinbaseCard,,coinbase.com/card,,,,,,
,Coinbase Institutional,CoinbaseInsto,https://twitter.com/coinbaseinsto,,prime.coinbase.com,,,,,,
